--
-- PostgreSQL database dump
--

-- Dumped from database version 15.2
-- Dumped by pg_dump version 15.2

SET statement_timeout = 0;
SET lock_timeout = 0;
SET idle_in_transaction_session_timeout = 0;
SET client_encoding = 'UTF8';
SET standard_conforming_strings = on;
SELECT pg_catalog.set_config('search_path', '', false);
SET check_function_bodies = false;
SET xmloption = content;
SET client_min_messages = warning;
SET row_security = off;

--
-- Name: pgcrypto; Type: EXTENSION; Schema: -; Owner: -
--

CREATE EXTENSION IF NOT EXISTS pgcrypto WITH SCHEMA public;


--
-- Name: EXTENSION pgcrypto; Type: COMMENT; Schema: -; Owner: 
--

COMMENT ON EXTENSION pgcrypto IS 'cryptographic functions';


--
-- Name: afterauthinsert(); Type: FUNCTION; Schema: public; Owner: postgres
--

CREATE FUNCTION public.afterauthinsert() RETURNS trigger
    LANGUAGE plpgsql
    AS $$
   BEGIN
      INSERT INTO public.users (auth_id) values (NEW.id);
      RETURN NEW;
   END;
$$;


ALTER FUNCTION public.afterauthinsert() OWNER TO postgres;

--
-- Name: beforeauthinsert(); Type: FUNCTION; Schema: public; Owner: postgres
--

CREATE FUNCTION public.beforeauthinsert() RETURNS trigger
    LANGUAGE plpgsql
    AS $$
   BEGIN
      NEW.auth_password = crypt(NEW.auth_password, gen_salt('bf'));
      RETURN NEW;
   END;
$$;


ALTER FUNCTION public.beforeauthinsert() OWNER TO postgres;

SET default_tablespace = '';

SET default_table_access_method = heap;

--
-- Name: auths; Type: TABLE; Schema: public; Owner: postgres
--

CREATE TABLE public.auths (
    id integer NOT NULL,
    auth_login text NOT NULL,
    auth_password text NOT NULL
);


ALTER TABLE public.auths OWNER TO postgres;

--
-- Name: auths_id_seq; Type: SEQUENCE; Schema: public; Owner: postgres
--

CREATE SEQUENCE public.auths_id_seq
    AS integer
    START WITH 1
    INCREMENT BY 1
    NO MINVALUE
    NO MAXVALUE
    CACHE 1;


ALTER TABLE public.auths_id_seq OWNER TO postgres;

--
-- Name: auths_id_seq; Type: SEQUENCE OWNED BY; Schema: public; Owner: postgres
--

ALTER SEQUENCE public.auths_id_seq OWNED BY public.auths.id;


--
-- Name: categories; Type: TABLE; Schema: public; Owner: postgres
--

CREATE TABLE public.categories (
    id integer NOT NULL,
    category character varying(40) DEFAULT 'new category'::character varying
);


ALTER TABLE public.categories OWNER TO postgres;

--
-- Name: categories_id_seq; Type: SEQUENCE; Schema: public; Owner: postgres
--

CREATE SEQUENCE public.categories_id_seq
    AS integer
    START WITH 1
    INCREMENT BY 1
    NO MINVALUE
    NO MAXVALUE
    CACHE 1;


ALTER TABLE public.categories_id_seq OWNER TO postgres;

--
-- Name: categories_id_seq; Type: SEQUENCE OWNED BY; Schema: public; Owner: postgres
--

ALTER SEQUENCE public.categories_id_seq OWNED BY public.categories.id;


--
-- Name: cuisines; Type: TABLE; Schema: public; Owner: postgres
--

CREATE TABLE public.cuisines (
    id integer NOT NULL,
    name character varying(40),
    alt character varying(20),
    icon character varying(20)
);


ALTER TABLE public.cuisines OWNER TO postgres;

--
-- Name: cuisines_id_seq; Type: SEQUENCE; Schema: public; Owner: postgres
--

CREATE SEQUENCE public.cuisines_id_seq
    AS integer
    START WITH 1
    INCREMENT BY 1
    NO MINVALUE
    NO MAXVALUE
    CACHE 1;


ALTER TABLE public.cuisines_id_seq OWNER TO postgres;

--
-- Name: cuisines_id_seq; Type: SEQUENCE OWNED BY; Schema: public; Owner: postgres
--

ALTER SEQUENCE public.cuisines_id_seq OWNED BY public.cuisines.id;


--
-- Name: diets; Type: TABLE; Schema: public; Owner: postgres
--

CREATE TABLE public.diets (
    id integer NOT NULL,
    name character varying(40),
    alt character varying(20),
    "desc" text
);


ALTER TABLE public.diets OWNER TO postgres;

--
-- Name: diets_id_seq; Type: SEQUENCE; Schema: public; Owner: postgres
--

CREATE SEQUENCE public.diets_id_seq
    AS integer
    START WITH 1
    INCREMENT BY 1
    NO MINVALUE
    NO MAXVALUE
    CACHE 1;


ALTER TABLE public.diets_id_seq OWNER TO postgres;

--
-- Name: diets_id_seq; Type: SEQUENCE OWNED BY; Schema: public; Owner: postgres
--

ALTER SEQUENCE public.diets_id_seq OWNED BY public.diets.id;


--
-- Name: ingredients; Type: TABLE; Schema: public; Owner: postgres
--

CREATE TABLE public.ingredients (
    id integer NOT NULL,
    recipe integer,
    item integer,
    amount character varying(5) DEFAULT 0,
    unit character varying(10) DEFAULT 'g'::character varying,
    list_position integer DEFAULT 0 NOT NULL
);


ALTER TABLE public.ingredients OWNER TO postgres;

--
-- Name: ingredients_id_seq; Type: SEQUENCE; Schema: public; Owner: postgres
--

CREATE SEQUENCE public.ingredients_id_seq
    AS integer
    START WITH 1
    INCREMENT BY 1
    NO MINVALUE
    NO MAXVALUE
    CACHE 1;


ALTER TABLE public.ingredients_id_seq OWNER TO postgres;

--
-- Name: ingredients_id_seq; Type: SEQUENCE OWNED BY; Schema: public; Owner: postgres
--

ALTER SEQUENCE public.ingredients_id_seq OWNED BY public.ingredients.id;


--
-- Name: items; Type: TABLE; Schema: public; Owner: postgres
--

CREATE TABLE public.items (
    id integer NOT NULL,
    name character varying(50) DEFAULT 'new item'::character varying,
    nutrients integer
);


ALTER TABLE public.items OWNER TO postgres;

--
-- Name: items_id_seq; Type: SEQUENCE; Schema: public; Owner: postgres
--

CREATE SEQUENCE public.items_id_seq
    AS integer
    START WITH 1
    INCREMENT BY 1
    NO MINVALUE
    NO MAXVALUE
    CACHE 1;


ALTER TABLE public.items_id_seq OWNER TO postgres;

--
-- Name: items_id_seq; Type: SEQUENCE OWNED BY; Schema: public; Owner: postgres
--

ALTER SEQUENCE public.items_id_seq OWNED BY public.items.id;


--
-- Name: log; Type: TABLE; Schema: public; Owner: postgres
--

CREATE TABLE public.log (
    id integer NOT NULL,
    date timestamp without time zone DEFAULT now() NOT NULL,
    recipe integer
);


ALTER TABLE public.log OWNER TO postgres;

--
-- Name: log_id_seq; Type: SEQUENCE; Schema: public; Owner: postgres
--

CREATE SEQUENCE public.log_id_seq
    AS integer
    START WITH 1
    INCREMENT BY 1
    NO MINVALUE
    NO MAXVALUE
    CACHE 1;


ALTER TABLE public.log_id_seq OWNER TO postgres;

--
-- Name: log_id_seq; Type: SEQUENCE OWNED BY; Schema: public; Owner: postgres
--

ALTER SEQUENCE public.log_id_seq OWNED BY public.log.id;


--
-- Name: nutrients; Type: TABLE; Schema: public; Owner: postgres
--

CREATE TABLE public.nutrients (
    id integer NOT NULL,
    energy numeric(6,2) DEFAULT 0,
    carbohydrates numeric(6,2) DEFAULT 0,
    protein numeric(6,2) DEFAULT 0,
    fiber numeric(6,2) DEFAULT 0,
    sugar_total numeric(6,2) DEFAULT 0,
    fat_total numeric(6,2) DEFAULT 0
);


ALTER TABLE public.nutrients OWNER TO postgres;

--
-- Name: nutrients_id_seq; Type: SEQUENCE; Schema: public; Owner: postgres
--

CREATE SEQUENCE public.nutrients_id_seq
    AS integer
    START WITH 1
    INCREMENT BY 1
    NO MINVALUE
    NO MAXVALUE
    CACHE 1;


ALTER TABLE public.nutrients_id_seq OWNER TO postgres;

--
-- Name: nutrients_id_seq; Type: SEQUENCE OWNED BY; Schema: public; Owner: postgres
--

ALTER SEQUENCE public.nutrients_id_seq OWNED BY public.nutrients.id;


--
-- Name: pantry; Type: TABLE; Schema: public; Owner: postgres
--

CREATE TABLE public.pantry (
    id integer NOT NULL,
    item integer,
    exp timestamp without time zone,
    amount integer DEFAULT 0,
    unit character varying(10) DEFAULT 'g'::character varying
);


ALTER TABLE public.pantry OWNER TO postgres;

--
-- Name: pantry_id_seq; Type: SEQUENCE; Schema: public; Owner: postgres
--

CREATE SEQUENCE public.pantry_id_seq
    AS integer
    START WITH 1
    INCREMENT BY 1
    NO MINVALUE
    NO MAXVALUE
    CACHE 1;


ALTER TABLE public.pantry_id_seq OWNER TO postgres;

--
-- Name: pantry_id_seq; Type: SEQUENCE OWNED BY; Schema: public; Owner: postgres
--

ALTER SEQUENCE public.pantry_id_seq OWNED BY public.pantry.id;


--
-- Name: recipes; Type: TABLE; Schema: public; Owner: postgres
--

CREATE TABLE public.recipes (
    id integer NOT NULL,
    title character varying(50) DEFAULT 'new recipe'::character varying,
    author integer,
    yeald numeric DEFAULT 0,
    unit character varying(10) DEFAULT 'g'::character varying
);


ALTER TABLE public.recipes OWNER TO postgres;

--
-- Name: recipes_id_seq; Type: SEQUENCE; Schema: public; Owner: postgres
--

CREATE SEQUENCE public.recipes_id_seq
    AS integer
    START WITH 1
    INCREMENT BY 1
    NO MINVALUE
    NO MAXVALUE
    CACHE 1;


ALTER TABLE public.recipes_id_seq OWNER TO postgres;

--
-- Name: recipes_id_seq; Type: SEQUENCE OWNED BY; Schema: public; Owner: postgres
--

ALTER SEQUENCE public.recipes_id_seq OWNED BY public.recipes.id;


--
-- Name: users; Type: TABLE; Schema: public; Owner: postgres
--

CREATE TABLE public.users (
    id integer NOT NULL,
    full_name character varying(30) DEFAULT 'new user'::character varying NOT NULL,
    auth_id integer
);


ALTER TABLE public.users OWNER TO postgres;

--
-- Name: users_id_seq; Type: SEQUENCE; Schema: public; Owner: postgres
--

CREATE SEQUENCE public.users_id_seq
    AS integer
    START WITH 1
    INCREMENT BY 1
    NO MINVALUE
    NO MAXVALUE
    CACHE 1;


ALTER TABLE public.users_id_seq OWNER TO postgres;

--
-- Name: users_id_seq; Type: SEQUENCE OWNED BY; Schema: public; Owner: postgres
--

ALTER SEQUENCE public.users_id_seq OWNED BY public.users.id;


--
-- Name: auths id; Type: DEFAULT; Schema: public; Owner: postgres
--

ALTER TABLE ONLY public.auths ALTER COLUMN id SET DEFAULT nextval('public.auths_id_seq'::regclass);


--
-- Name: categories id; Type: DEFAULT; Schema: public; Owner: postgres
--

ALTER TABLE ONLY public.categories ALTER COLUMN id SET DEFAULT nextval('public.categories_id_seq'::regclass);


--
-- Name: cuisines id; Type: DEFAULT; Schema: public; Owner: postgres
--

ALTER TABLE ONLY public.cuisines ALTER COLUMN id SET DEFAULT nextval('public.cuisines_id_seq'::regclass);


--
-- Name: diets id; Type: DEFAULT; Schema: public; Owner: postgres
--

ALTER TABLE ONLY public.diets ALTER COLUMN id SET DEFAULT nextval('public.diets_id_seq'::regclass);


--
-- Name: ingredients id; Type: DEFAULT; Schema: public; Owner: postgres
--

ALTER TABLE ONLY public.ingredients ALTER COLUMN id SET DEFAULT nextval('public.ingredients_id_seq'::regclass);


--
-- Name: items id; Type: DEFAULT; Schema: public; Owner: postgres
--

ALTER TABLE ONLY public.items ALTER COLUMN id SET DEFAULT nextval('public.items_id_seq'::regclass);


--
-- Name: log id; Type: DEFAULT; Schema: public; Owner: postgres
--

ALTER TABLE ONLY public.log ALTER COLUMN id SET DEFAULT nextval('public.log_id_seq'::regclass);


--
-- Name: nutrients id; Type: DEFAULT; Schema: public; Owner: postgres
--

ALTER TABLE ONLY public.nutrients ALTER COLUMN id SET DEFAULT nextval('public.nutrients_id_seq'::regclass);


--
-- Name: pantry id; Type: DEFAULT; Schema: public; Owner: postgres
--

ALTER TABLE ONLY public.pantry ALTER COLUMN id SET DEFAULT nextval('public.pantry_id_seq'::regclass);


--
-- Name: recipes id; Type: DEFAULT; Schema: public; Owner: postgres
--

ALTER TABLE ONLY public.recipes ALTER COLUMN id SET DEFAULT nextval('public.recipes_id_seq'::regclass);


--
-- Name: users id; Type: DEFAULT; Schema: public; Owner: postgres
--

ALTER TABLE ONLY public.users ALTER COLUMN id SET DEFAULT nextval('public.users_id_seq'::regclass);


--
-- Data for Name: auths; Type: TABLE DATA; Schema: public; Owner: postgres
--

COPY public.auths (id, auth_login, auth_password) FROM stdin;
1	log	pas
2	log2	pas
10	test	$2a$06$f7qGlLL/zSFOPosVdzy0pOoPZX9DV.H1d9NRjZL8/Gbro//yj7tJq
11	t	$2a$06$FYO2Sv54bhmEPvrnG4Q8Oe5l4ErMhhmBD9TDGsOpHe.4OzprZu5KG
12	r	$2a$06$13zXGTBBIN3W2SmNWMn8BuMQBXtHj.oCmcFbYG1/EY/82wIymWRDC
14	rr	$2a$06$CAdSwkTQ6FbmnMBfyq3cdeE62P3.kCZSjsYb81zuJocQ/Na2CIpcG
16	rrr	$2a$06$XedHuwHTXdlzBYXVAor3Oe5reEZIReL24B0UQx8C.BVqbbkOoLlZC
17	e	$2a$06$YTHy9QEsszySEwsjLRq.QuyGznFs4WpMiayin2kwE2us0x0B4zXCq
18	ee	$2a$06$.k.Q0OOBTlVWG9pYlHK95u49A9zNfW7FUjIZHxYhVFkBaBjvQF5Q2
19	w	$2a$06$RBshb/YMYVhJi8vGllmszeOzi4CNgqn4h0ESb3bzaUEvdfKkcGpHi
\.


--
-- Data for Name: categories; Type: TABLE DATA; Schema: public; Owner: postgres
--

COPY public.categories (id, category) FROM stdin;
\.


--
-- Data for Name: cuisines; Type: TABLE DATA; Schema: public; Owner: postgres
--

COPY public.cuisines (id, name, alt, icon) FROM stdin;
\.


--
-- Data for Name: diets; Type: TABLE DATA; Schema: public; Owner: postgres
--

COPY public.diets (id, name, alt, "desc") FROM stdin;
\.


--
-- Data for Name: ingredients; Type: TABLE DATA; Schema: public; Owner: postgres
--

COPY public.ingredients (id, recipe, item, amount, unit, list_position) FROM stdin;
5	1	3	1	tbsp	0
3	1	2	1	tbsp	0
15	3	13	0	g	0
16	3	6	0	g	0
14	3	12	2	tbsp	0
19	3	16	2	tbsp	0
13	1	11	1	tbsp	0
1	1	1	1	tbsp	0
6	1	4	1	tbsp	0
18	3	15	2	tbsp	0
10	1	8	1	tbsp	0
9	1	7	1	tbsp	0
11	1	9	1	tbsp	0
17	3	14	2	tbsp	0
8	1	6	1	tbsp	0
12	1	10	1	tbsp	0
7	1	5	1	tbsp	0
28	15	17	0	g	0
31	15	18	0	g	0
32	15	19	0	g	0
33	15	20	0	g	0
34	15	21	0	g	0
35	15	22	0	g	0
\.


--
-- Data for Name: items; Type: TABLE DATA; Schema: public; Owner: postgres
--

COPY public.items (id, name, nutrients) FROM stdin;
1	extra virgin olive oil	1
2	ground turkey breast	2
3	green pepper	3
4	minced garlic	4
5	italian seasoning	5
6	ground black pepper	6
7	salt	7
8	red pepper flakes	8
9	marinara sauce	9
10	baby spinach	10
11	zucchini	11
12	olive oil	12
13	beef chuck roast	13
14	kosher salt	14
15	yellow onion	15
16	garlic	16
17	rice	17
18	water	18
19	bread	19
20	kale	20
21	pork	21
22	beef	22
\.


--
-- Data for Name: log; Type: TABLE DATA; Schema: public; Owner: postgres
--

COPY public.log (id, date, recipe) FROM stdin;
\.


--
-- Data for Name: nutrients; Type: TABLE DATA; Schema: public; Owner: postgres
--

COPY public.nutrients (id, energy, carbohydrates, protein, fiber, sugar_total, fat_total) FROM stdin;
1	0.00	0.00	0.00	0.00	0.00	0.00
2	0.00	0.00	0.00	0.00	0.00	0.00
3	0.00	0.00	0.00	0.00	0.00	0.00
4	0.00	0.00	0.00	0.00	0.00	0.00
5	0.00	0.00	0.00	0.00	0.00	0.00
6	0.00	0.00	0.00	0.00	0.00	0.00
7	0.00	0.00	0.00	0.00	0.00	0.00
8	0.00	0.00	0.00	0.00	0.00	0.00
9	0.00	0.00	0.00	0.00	0.00	0.00
10	0.00	0.00	0.00	0.00	0.00	0.00
11	0.00	0.00	0.00	0.00	0.00	0.00
12	0.00	0.00	0.00	0.00	0.00	0.00
13	0.00	0.00	0.00	0.00	0.00	0.00
14	0.00	0.00	0.00	0.00	0.00	0.00
15	0.00	0.00	0.00	0.00	0.00	0.00
16	0.00	0.00	0.00	0.00	0.00	0.00
17	0.00	0.00	0.00	0.00	0.00	0.00
18	0.00	0.00	0.00	0.00	0.00	0.00
19	0.00	0.00	0.00	0.00	0.00	0.00
20	0.00	0.00	0.00	0.00	0.00	0.00
21	0.00	0.00	0.00	0.00	0.00	0.00
22	0.00	0.00	0.00	0.00	0.00	0.00
\.


--
-- Data for Name: pantry; Type: TABLE DATA; Schema: public; Owner: postgres
--

COPY public.pantry (id, item, exp, amount, unit) FROM stdin;
\.


--
-- Data for Name: recipes; Type: TABLE DATA; Schema: public; Owner: postgres
--

COPY public.recipes (id, title, author, yeald, unit) FROM stdin;
1	Turkey Spaghetti Zoodles	10	5	servings
3	Beef Ragu	10	0	servings
5	Parmesan Chicken and Vegetables	10	0	unit
4	Overnight Pineapple-Banana Oatmeal	9	0	g
6	Instant Pot Asparagus Brie Soup	10	0	unit
7	Strawberry Rhubarb Pie	10	0	unit
8	Chicken and Asparagus Stir-Fry	10	0	unit
9	Arroz Con Pollo	10	0	unit
10	Unstuffed Pepper Skillet	10	0	unit
11	Ground Beef Stroganoff Noodles	10	0	unit
12	Oyakodon 	10	0	unit
13	Spanakopita 	10	0	unit
14	Recipe title	10	0	g
15	Recipe title	10	0	unit
\.


--
-- Data for Name: users; Type: TABLE DATA; Schema: public; Owner: postgres
--

COPY public.users (id, full_name, auth_id) FROM stdin;
8	new user	10
9	new user	11
10	new user	12
11	new user	14
12	new user	16
13	new user	17
14	new user	18
15	new user	19
\.


--
-- Name: auths_id_seq; Type: SEQUENCE SET; Schema: public; Owner: postgres
--

SELECT pg_catalog.setval('public.auths_id_seq', 19, true);


--
-- Name: categories_id_seq; Type: SEQUENCE SET; Schema: public; Owner: postgres
--

SELECT pg_catalog.setval('public.categories_id_seq', 1, false);


--
-- Name: cuisines_id_seq; Type: SEQUENCE SET; Schema: public; Owner: postgres
--

SELECT pg_catalog.setval('public.cuisines_id_seq', 1, false);


--
-- Name: diets_id_seq; Type: SEQUENCE SET; Schema: public; Owner: postgres
--

SELECT pg_catalog.setval('public.diets_id_seq', 1, false);


--
-- Name: ingredients_id_seq; Type: SEQUENCE SET; Schema: public; Owner: postgres
--

SELECT pg_catalog.setval('public.ingredients_id_seq', 35, true);


--
-- Name: items_id_seq; Type: SEQUENCE SET; Schema: public; Owner: postgres
--

SELECT pg_catalog.setval('public.items_id_seq', 22, true);


--
-- Name: log_id_seq; Type: SEQUENCE SET; Schema: public; Owner: postgres
--

SELECT pg_catalog.setval('public.log_id_seq', 1, false);


--
-- Name: nutrients_id_seq; Type: SEQUENCE SET; Schema: public; Owner: postgres
--

SELECT pg_catalog.setval('public.nutrients_id_seq', 22, true);


--
-- Name: pantry_id_seq; Type: SEQUENCE SET; Schema: public; Owner: postgres
--

SELECT pg_catalog.setval('public.pantry_id_seq', 1, false);


--
-- Name: recipes_id_seq; Type: SEQUENCE SET; Schema: public; Owner: postgres
--

SELECT pg_catalog.setval('public.recipes_id_seq', 15, true);


--
-- Name: users_id_seq; Type: SEQUENCE SET; Schema: public; Owner: postgres
--

SELECT pg_catalog.setval('public.users_id_seq', 15, true);


--
-- Name: auths auths_auth_login_key; Type: CONSTRAINT; Schema: public; Owner: postgres
--

ALTER TABLE ONLY public.auths
    ADD CONSTRAINT auths_auth_login_key UNIQUE (auth_login);


--
-- Name: auths auths_pkey; Type: CONSTRAINT; Schema: public; Owner: postgres
--

ALTER TABLE ONLY public.auths
    ADD CONSTRAINT auths_pkey PRIMARY KEY (id);


--
-- Name: categories categories_pkey; Type: CONSTRAINT; Schema: public; Owner: postgres
--

ALTER TABLE ONLY public.categories
    ADD CONSTRAINT categories_pkey PRIMARY KEY (id);


--
-- Name: cuisines cuisines_pkey; Type: CONSTRAINT; Schema: public; Owner: postgres
--

ALTER TABLE ONLY public.cuisines
    ADD CONSTRAINT cuisines_pkey PRIMARY KEY (id);


--
-- Name: diets diets_pkey; Type: CONSTRAINT; Schema: public; Owner: postgres
--

ALTER TABLE ONLY public.diets
    ADD CONSTRAINT diets_pkey PRIMARY KEY (id);


--
-- Name: ingredients ingredients_pkey; Type: CONSTRAINT; Schema: public; Owner: postgres
--

ALTER TABLE ONLY public.ingredients
    ADD CONSTRAINT ingredients_pkey PRIMARY KEY (id);


--
-- Name: items items_pkey; Type: CONSTRAINT; Schema: public; Owner: postgres
--

ALTER TABLE ONLY public.items
    ADD CONSTRAINT items_pkey PRIMARY KEY (id);


--
-- Name: log log_pkey; Type: CONSTRAINT; Schema: public; Owner: postgres
--

ALTER TABLE ONLY public.log
    ADD CONSTRAINT log_pkey PRIMARY KEY (id);


--
-- Name: nutrients nutrients_pkey; Type: CONSTRAINT; Schema: public; Owner: postgres
--

ALTER TABLE ONLY public.nutrients
    ADD CONSTRAINT nutrients_pkey PRIMARY KEY (id);


--
-- Name: pantry pantry_pkey; Type: CONSTRAINT; Schema: public; Owner: postgres
--

ALTER TABLE ONLY public.pantry
    ADD CONSTRAINT pantry_pkey PRIMARY KEY (id);


--
-- Name: recipes recipes_pkey; Type: CONSTRAINT; Schema: public; Owner: postgres
--

ALTER TABLE ONLY public.recipes
    ADD CONSTRAINT recipes_pkey PRIMARY KEY (id);


--
-- Name: users users_pkey; Type: CONSTRAINT; Schema: public; Owner: postgres
--

ALTER TABLE ONLY public.users
    ADD CONSTRAINT users_pkey PRIMARY KEY (id);


--
-- Name: auths afterauthinsert; Type: TRIGGER; Schema: public; Owner: postgres
--

CREATE TRIGGER afterauthinsert AFTER INSERT ON public.auths FOR EACH ROW EXECUTE FUNCTION public.afterauthinsert();


--
-- Name: auths beforeauthinsert; Type: TRIGGER; Schema: public; Owner: postgres
--

CREATE TRIGGER beforeauthinsert BEFORE INSERT ON public.auths FOR EACH ROW EXECUTE FUNCTION public.beforeauthinsert();


--
-- Name: ingredients ingredients_item_fkey; Type: FK CONSTRAINT; Schema: public; Owner: postgres
--

ALTER TABLE ONLY public.ingredients
    ADD CONSTRAINT ingredients_item_fkey FOREIGN KEY (item) REFERENCES public.items(id);


--
-- Name: ingredients ingredients_recipe_fkey; Type: FK CONSTRAINT; Schema: public; Owner: postgres
--

ALTER TABLE ONLY public.ingredients
    ADD CONSTRAINT ingredients_recipe_fkey FOREIGN KEY (recipe) REFERENCES public.recipes(id);


--
-- Name: items items_nutrients_fkey; Type: FK CONSTRAINT; Schema: public; Owner: postgres
--

ALTER TABLE ONLY public.items
    ADD CONSTRAINT items_nutrients_fkey FOREIGN KEY (nutrients) REFERENCES public.nutrients(id);


--
-- Name: log log_recipe_fkey; Type: FK CONSTRAINT; Schema: public; Owner: postgres
--

ALTER TABLE ONLY public.log
    ADD CONSTRAINT log_recipe_fkey FOREIGN KEY (recipe) REFERENCES public.recipes(id);


--
-- Name: pantry pantry_item_fkey; Type: FK CONSTRAINT; Schema: public; Owner: postgres
--

ALTER TABLE ONLY public.pantry
    ADD CONSTRAINT pantry_item_fkey FOREIGN KEY (item) REFERENCES public.items(id);


--
-- Name: recipes recipes_author_fkey; Type: FK CONSTRAINT; Schema: public; Owner: postgres
--

ALTER TABLE ONLY public.recipes
    ADD CONSTRAINT recipes_author_fkey FOREIGN KEY (author) REFERENCES public.users(id);


--
-- Name: users users_fk1; Type: FK CONSTRAINT; Schema: public; Owner: postgres
--

ALTER TABLE ONLY public.users
    ADD CONSTRAINT users_fk1 FOREIGN KEY (auth_id) REFERENCES public.auths(id) ON DELETE CASCADE;


--
-- PostgreSQL database dump complete
--

